,,Average,Var
Accuracy,1dAVb,0.9709969257795344,0.0001395180345973723
Accuracy,RBBB,0.9613350900307421,0.0005096656353687913
Accuracy,LBBB,0.9879227053140096,0.00010793717472986531
Accuracy,SB,0.9806587615283267,9.026473707690419e-05
Accuracy,AF,0.9842819499341239,2.87540583124017e-06
Accuracy,ST,0.9625472112428635,0.0005710755181225481
Precision,1dAVb,0.5,0.16666666666666666
Precision,RBBB,0.4523809523809524,0.12358276643990929
Precision,LBBB,0.7676767676767676,0.027140087746148355
Precision,SB,0.3333333333333333,0.22222222222222224
Precision,AF,0.0,0.0
Precision,ST,0.5,0.16666666666666666
Recall,1dAVb,0.22777777777777777,0.07043209876543209
Recall,RBBB,0.4338624338624338,0.12250496906581561
Recall,LBBB,0.9,0.020000000000000007
Recall,SB,0.1111111111111111,0.024691358024691357
Recall,AF,0.0,0.0
Recall,ST,0.25925925925925924,0.08504801097393688
Specificity,1dAVb,0.9962682379349047,9.146521959840355e-06
Specificity,RBBB,0.982389070699145,8.802648634728009e-05
Specificity,LBBB,0.9912837649679754,4.055592119318681e-05
Specificity,SB,0.9975757575757576,1.1753902662993723e-05
Specificity,AF,1.0,0.0
Specificity,ST,0.9987515605493135,3.117202124061543e-06
F1,1dAVb,0.2976190476190476,0.10572562358276642
F1,RBBB,0.4425770308123249,0.12284129338009712
F1,LBBB,0.8222222222222223,0.018765432098765435
F1,SB,0.16666666666666666,0.05555555555555556
F1,AF,0.0,0.0
F1,ST,0.32727272727272727,0.1172451790633609
