,Model 1,Model 2,Model 3
Train Time [s],,2183.953105290731,4.066791296005249
Prediction Time [s],2.853524128595988,3.15553879737854,0.09894585609436035
